image_path,label,display_label,split,class_dir
D:\BackupFiles\School2023-Present\05_Spring2026\CS659\CS659_Project\dataset_sample\images\test\1358099\0f58f118b1a1795c1f1a0e82f3debf0cea11b14a.jpg,1358099,Sedum brevifolium DC.,test,1358099
D:\BackupFiles\School2023-Present\05_Spring2026\CS659\CS659_Project\dataset_sample\images\test\1358099\564eb2bba72ed7a48a544a6ee4c8735e698cce26.jpg,1358099,Sedum brevifolium DC.,test,1358099
D:\BackupFiles\School2023-Present\05_Spring2026\CS659\CS659_Project\dataset_sample\images\test\1358099\63d26daca057dfde1c341b0f04026dad4abaa0f9.jpg,1358099,Sedum brevifolium DC.,test,1358099
D:\BackupFiles\School2023-Present\05_Spring2026\CS659\CS659_Project\dataset_sample\images\test\1358099\7654c4301d339c75ef92ec38bd30aa246878ee17.jpg,1358099,Sedum brevifolium DC.,test,1358099
D:\BackupFiles\School2023-Present\05_Spring2026\CS659\CS659_Project\dataset_sample\images\test\1358099\76b84c98641f3804d870ab108c79c0275b4d7648.jpg,1358099,Sedum brevifolium DC.,test,1358099
D:\BackupFiles\School2023-Present\05_Spring2026\CS659\CS659_Project\dataset_sample\images\test\1358760\1eb905d5824ecfb9e8cd9b5fd05b17a27378ede7.jpg,1358760,Lavandula multifida L.,test,1358760
D:\BackupFiles\School2023-Present\05_Spring2026\CS659\CS659_Project\dataset_sample\images\test\1358760\1fcd8ca064d97ef1f0766e7b3e5bc6376787e167.jpg,1358760,Lavandula multifida L.,test,1358760
D:\BackupFiles\School2023-Present\05_Spring2026\CS659\CS659_Project\dataset_sample\images\test\1358760\3b88c6486bbbcb0bb0f2ad49fa02d55f726dfcdd.jpg,1358760,Lavandula multifida L.,test,1358760
D:\BackupFiles\School2023-Present\05_Spring2026\CS659\CS659_Project\dataset_sample\images\test\1358760\58c6653e7baff9c45417b6b012bcc0fb440b6596.jpg,1358760,Lavandula multifida L.,test,1358760
D:\BackupFiles\School2023-Present\05_Spring2026\CS659\CS659_Project\dataset_sample\images\test\1358760\6912b29d3910188245168fcc8ed345b00dfa0b1f.jpg,1358760,Lavandula multifida L.,test,1358760
D:\BackupFiles\School2023-Present\05_Spring2026\CS659\CS659_Project\dataset_sample\images\test\1359197\44688ed22142d3706f10dd6882f95c65a0e1cb72.jpg,1359197,Galega officinalis L.,test,1359197
D:\BackupFiles\School2023-Present\05_Spring2026\CS659\CS659_Project\dataset_sample\images\test\1359197\694e0bf832d953cfcf8875a88bc854d9f7a1c4b0.jpg,1359197,Galega officinalis L.,test,1359197
D:\BackupFiles\School2023-Present\05_Spring2026\CS659\CS659_Project\dataset_sample\images\test\1359197\a9be7cbc2e1be700ed0d3b2a9c008c97aa309f8e.jpg,1359197,Galega officinalis L.,test,1359197
D:\BackupFiles\School2023-Present\05_Spring2026\CS659\CS659_Project\dataset_sample\images\test\1359197\ad7ee414bcf544e365de25ea68afc46c3132b486.jpg,1359197,Galega officinalis L.,test,1359197
D:\BackupFiles\School2023-Present\05_Spring2026\CS659\CS659_Project\dataset_sample\images\test\1359197\cce5c33ddf43c89b845777d0c2029530feb66f5d.jpg,1359197,Galega officinalis L.,test,1359197
D:\BackupFiles\School2023-Present\05_Spring2026\CS659\CS659_Project\dataset_sample\images\test\1359620\1ce44b5a65ef3b54d681c0cf7f39d92582991ea5.jpg,1359620,Alcea rosea L.,test,1359620
D:\BackupFiles\School2023-Present\05_Spring2026\CS659\CS659_Project\dataset_sample\images\test\1359620\5000b55da65af30c9f0b4426d063c5b8ccb51bf2.jpg,1359620,Alcea rosea L.,test,1359620
D:\BackupFiles\School2023-Present\05_Spring2026\CS659\CS659_Project\dataset_sample\images\test\1359620\8d200a8ee1fb181221501dd1ffaeef8eef65c92e.jpg,1359620,Alcea rosea L.,test,1359620
D:\BackupFiles\School2023-Present\05_Spring2026\CS659\CS659_Project\dataset_sample\images\test\1359620\9526f40b09a2fa6a9247ea5daef8b18e3542b7ca.jpg,1359620,Alcea rosea L.,test,1359620
D:\BackupFiles\School2023-Present\05_Spring2026\CS659\CS659_Project\dataset_sample\images\test\1359620\dd2715f88550c40de1418cee7f07b183f294621f.jpg,1359620,Alcea rosea L.,test,1359620
D:\BackupFiles\School2023-Present\05_Spring2026\CS659\CS659_Project\dataset_sample\images\test\1360147\064eec47f5944476ce2ad16009015affd3f8a4d3.jpg,1360147,Adonis aestivalis L.,test,1360147
D:\BackupFiles\School2023-Present\05_Spring2026\CS659\CS659_Project\dataset_sample\images\test\1360147\085b8e7c825b6edc981f4116710ef6c33b094bff.jpg,1360147,Adonis aestivalis L.,test,1360147
D:\BackupFiles\School2023-Present\05_Spring2026\CS659\CS659_Project\dataset_sample\images\test\1360147\16de8f6f938f8b62e96bf2fafcd862acb9fb2662.jpg,1360147,Adonis aestivalis L.,test,1360147
D:\BackupFiles\School2023-Present\05_Spring2026\CS659\CS659_Project\dataset_sample\images\test\1360147\473199b321ed4515905a51145f4db0d3852fbe79.jpg,1360147,Adonis aestivalis L.,test,1360147
D:\BackupFiles\School2023-Present\05_Spring2026\CS659\CS659_Project\dataset_sample\images\test\1360147\49fcb7e43ab727f9ef9412a16adc0ff3669ec8a9.jpg,1360147,Adonis aestivalis L.,test,1360147
D:\BackupFiles\School2023-Present\05_Spring2026\CS659\CS659_Project\dataset_sample\images\test\1360550\00e4e3c7dc83ac894cb21ad80f0da41e5c6dde98.jpg,1360550,Hyoscyamus albus L.,test,1360550
D:\BackupFiles\School2023-Present\05_Spring2026\CS659\CS659_Project\dataset_sample\images\test\1360550\205a53c1577215f503481676822c923b36ead401.jpg,1360550,Hyoscyamus albus L.,test,1360550
D:\BackupFiles\School2023-Present\05_Spring2026\CS659\CS659_Project\dataset_sample\images\test\1360550\261512f042a91f87ae1b2b7effe21fd3a781ea4c.jpg,1360550,Hyoscyamus albus L.,test,1360550
D:\BackupFiles\School2023-Present\05_Spring2026\CS659\CS659_Project\dataset_sample\images\test\1360550\43e7c4078b5e640f881bb4978135a0e3a25918e8.jpg,1360550,Hyoscyamus albus L.,test,1360550
D:\BackupFiles\School2023-Present\05_Spring2026\CS659\CS659_Project\dataset_sample\images\test\1360550\9dee67e71f7a686e7d76d77c66f8423992eaecc3.jpg,1360550,Hyoscyamus albus L.,test,1360550
D:\BackupFiles\School2023-Present\05_Spring2026\CS659\CS659_Project\dataset_sample\images\test\1360998\0b83a31d1c0a0d24136d4ec16354c662c73ed8c7.jpg,1360998,Anthericum liliago L.,test,1360998
D:\BackupFiles\School2023-Present\05_Spring2026\CS659\CS659_Project\dataset_sample\images\test\1360998\220fbcf4f4afae5006a0020e5d5262a3118bed77.jpg,1360998,Anthericum liliago L.,test,1360998
D:\BackupFiles\School2023-Present\05_Spring2026\CS659\CS659_Project\dataset_sample\images\test\1360998\4739296fc82853b7a246faf302ac29f3c8bd90ef.jpg,1360998,Anthericum liliago L.,test,1360998
D:\BackupFiles\School2023-Present\05_Spring2026\CS659\CS659_Project\dataset_sample\images\test\1360998\81c67a047fa43e551527d945f57dda527b356cb2.jpg,1360998,Anthericum liliago L.,test,1360998
D:\BackupFiles\School2023-Present\05_Spring2026\CS659\CS659_Project\dataset_sample\images\test\1360998\95a819ce9de3f1e54265520ef85b29c0cddaa15e.jpg,1360998,Anthericum liliago L.,test,1360998
D:\BackupFiles\School2023-Present\05_Spring2026\CS659\CS659_Project\dataset_sample\images\test\1361824\4136dd15f472763b95795d9c22944e5c413e05fa.jpg,1361824,Lavandula angustifolia Mill.,test,1361824
D:\BackupFiles\School2023-Present\05_Spring2026\CS659\CS659_Project\dataset_sample\images\test\1361824\4564564fb7d1e9f55c531a608a9bfa25971e8d49.jpg,1361824,Lavandula angustifolia Mill.,test,1361824
D:\BackupFiles\School2023-Present\05_Spring2026\CS659\CS659_Project\dataset_sample\images\test\1361824\7ac385ce4c7fe6447cfd47ddb9e07f4b858509ae.jpg,1361824,Lavandula angustifolia Mill.,test,1361824
D:\BackupFiles\School2023-Present\05_Spring2026\CS659\CS659_Project\dataset_sample\images\test\1361824\7fbf40c3609bed32d626c03122019d44efa174af.jpg,1361824,Lavandula angustifolia Mill.,test,1361824
D:\BackupFiles\School2023-Present\05_Spring2026\CS659\CS659_Project\dataset_sample\images\test\1361824\9260ab1535638bc2e94e67d19a7508f1d6eb49a1.jpg,1361824,Lavandula angustifolia Mill.,test,1361824
D:\BackupFiles\School2023-Present\05_Spring2026\CS659\CS659_Project\dataset_sample\images\test\1363490\48f71adaf5174af7daea5313f9a60bdb02ba0e87.jpg,1363490,Phalaris arundinacea L.,test,1363490
D:\BackupFiles\School2023-Present\05_Spring2026\CS659\CS659_Project\dataset_sample\images\test\1363490\5e42ec37708d5c7876077cda6b278cee0eee2ef1.jpg,1363490,Phalaris arundinacea L.,test,1363490
D:\BackupFiles\School2023-Present\05_Spring2026\CS659\CS659_Project\dataset_sample\images\test\1363490\66de6441d7ec22f1262573d415a8e866ae4ae0f1.jpg,1363490,Phalaris arundinacea L.,test,1363490
D:\BackupFiles\School2023-Present\05_Spring2026\CS659\CS659_Project\dataset_sample\images\test\1363490\a45ef4b3db5faa3ad26574165c7f2eae504e9c36.jpg,1363490,Phalaris arundinacea L.,test,1363490
D:\BackupFiles\School2023-Present\05_Spring2026\CS659\CS659_Project\dataset_sample\images\test\1363490\b70d6e6f3f3032f721dab4aa287ee50b1368ef21.jpg,1363490,Phalaris arundinacea L.,test,1363490
D:\BackupFiles\School2023-Present\05_Spring2026\CS659\CS659_Project\dataset_sample\images\test\1375966\00370a4b947ff8a232500143272f8a486b673203.jpg,1375966,Phyllanthus amarus Schumach. & Thonn.,test,1375966
D:\BackupFiles\School2023-Present\05_Spring2026\CS659\CS659_Project\dataset_sample\images\test\1375966\04cf832aad5a53a401ce02f9301f3bb330642432.jpg,1375966,Phyllanthus amarus Schumach. & Thonn.,test,1375966
D:\BackupFiles\School2023-Present\05_Spring2026\CS659\CS659_Project\dataset_sample\images\test\1375966\14f578c64ad4a8a77d736dc4352ba71c835aabc9.jpg,1375966,Phyllanthus amarus Schumach. & Thonn.,test,1375966
D:\BackupFiles\School2023-Present\05_Spring2026\CS659\CS659_Project\dataset_sample\images\test\1375966\1a66dd4dc21577c643a440412290595c5163de73.jpg,1375966,Phyllanthus amarus Schumach. & Thonn.,test,1375966
D:\BackupFiles\School2023-Present\05_Spring2026\CS659\CS659_Project\dataset_sample\images\test\1375966\58cc2abcbd0b11acc9902667cb2027cac7645373.jpg,1375966,Phyllanthus amarus Schumach. & Thonn.,test,1375966
D:\BackupFiles\School2023-Present\05_Spring2026\CS659\CS659_Project\dataset_sample\images\test\1391868\0be33000dc78d0ee94656f2572e7c20653808c01.jpg,1391868,Empetrum nigrum L.,test,1391868
D:\BackupFiles\School2023-Present\05_Spring2026\CS659\CS659_Project\dataset_sample\images\test\1391868\2ccfbf289a55d2161caa1872ecaebbeb8c9caf7a.jpg,1391868,Empetrum nigrum L.,test,1391868
D:\BackupFiles\School2023-Present\05_Spring2026\CS659\CS659_Project\dataset_sample\images\test\1391868\432e42e425fc2793ddf5eef709fe91cd5c3f9102.jpg,1391868,Empetrum nigrum L.,test,1391868
D:\BackupFiles\School2023-Present\05_Spring2026\CS659\CS659_Project\dataset_sample\images\test\1391868\4f9dc95a1a9ded613c8d911a902f6d6ea3c0f723.jpg,1391868,Empetrum nigrum L.,test,1391868
D:\BackupFiles\School2023-Present\05_Spring2026\CS659\CS659_Project\dataset_sample\images\test\1391868\5e19bf73b865ca885431aefe5396283a647dbf0e.jpg,1391868,Empetrum nigrum L.,test,1391868
D:\BackupFiles\School2023-Present\05_Spring2026\CS659\CS659_Project\dataset_sample\images\test\1393933\0d1cf78885245ab4b16c0ae10cbcf5ab3c83f757.jpg,1393933,Narthecium ossifragum (L.) Huds.,test,1393933
D:\BackupFiles\School2023-Present\05_Spring2026\CS659\CS659_Project\dataset_sample\images\test\1393933\3b8f9af5609d40ca7cd1fb1671d202cd2fac0304.jpg,1393933,Narthecium ossifragum (L.) Huds.,test,1393933
D:\BackupFiles\School2023-Present\05_Spring2026\CS659\CS659_Project\dataset_sample\images\test\1393933\66fb41a7a533d6ab11d4268ce7ac1707b128ef70.jpg,1393933,Narthecium ossifragum (L.) Huds.,test,1393933
D:\BackupFiles\School2023-Present\05_Spring2026\CS659\CS659_Project\dataset_sample\images\test\1393933\ea93007d0df5b7d6ff028db5bb285535aa069787.jpg,1393933,Narthecium ossifragum (L.) Huds.,test,1393933
D:\BackupFiles\School2023-Present\05_Spring2026\CS659\CS659_Project\dataset_sample\images\test\1393933\ec2fef417e64901863ca6e36ea0094dd19bab28b.jpg,1393933,Narthecium ossifragum (L.) Huds.,test,1393933
D:\BackupFiles\School2023-Present\05_Spring2026\CS659\CS659_Project\dataset_sample\images\test\1396156\081d7f75dd40d17f8029493305f7755f6d3080cd.jpg,1396156,Sedum kamtschaticum Fisch. & C.A.Mey.,test,1396156
D:\BackupFiles\School2023-Present\05_Spring2026\CS659\CS659_Project\dataset_sample\images\test\1396156\13f487fdeea3401a25988a31724b82d585f7f729.jpg,1396156,Sedum kamtschaticum Fisch. & C.A.Mey.,test,1396156
D:\BackupFiles\School2023-Present\05_Spring2026\CS659\CS659_Project\dataset_sample\images\test\1396156\34ad083cd9b753162b0575c3f46f95049f020c6e.jpg,1396156,Sedum kamtschaticum Fisch. & C.A.Mey.,test,1396156
D:\BackupFiles\School2023-Present\05_Spring2026\CS659\CS659_Project\dataset_sample\images\test\1396156\45fa4d0ff4f495d880584bf40898ebe885d20d37.jpg,1396156,Sedum kamtschaticum Fisch. & C.A.Mey.,test,1396156
D:\BackupFiles\School2023-Present\05_Spring2026\CS659\CS659_Project\dataset_sample\images\test\1396156\b4a9e89a8fbd54cd80b6165b3f4f315205894e36.jpg,1396156,Sedum kamtschaticum Fisch. & C.A.Mey.,test,1396156
D:\BackupFiles\School2023-Present\05_Spring2026\CS659\CS659_Project\dataset_sample\images\test\1396161\145ee4e413aa4694f713a43447646c7bfb2df9e3.jpg,1396161,Sedum ochroleucum Chaix,test,1396161
D:\BackupFiles\School2023-Present\05_Spring2026\CS659\CS659_Project\dataset_sample\images\test\1396161\1bf971a4d086f12714d39445e4a5f283c8c6f30d.jpg,1396161,Sedum ochroleucum Chaix,test,1396161
D:\BackupFiles\School2023-Present\05_Spring2026\CS659\CS659_Project\dataset_sample\images\test\1396161\41b546ea541590b4c152cedd7249c4f652337e59.jpg,1396161,Sedum ochroleucum Chaix,test,1396161
D:\BackupFiles\School2023-Present\05_Spring2026\CS659\CS659_Project\dataset_sample\images\test\1396161\607e8d6a7d9fbfc2e8cab86ad0a2c99e1e9dc867.jpg,1396161,Sedum ochroleucum Chaix,test,1396161
D:\BackupFiles\School2023-Present\05_Spring2026\CS659\CS659_Project\dataset_sample\images\test\1396161\91991975febd7cf0e5e6fe068790f46f6ea2f5ea.jpg,1396161,Sedum ochroleucum Chaix,test,1396161
D:\BackupFiles\School2023-Present\05_Spring2026\CS659\CS659_Project\dataset_sample\images\test\1397305\3023dd0e5d8a03f52e11ef3a7c4daef8cf4fecfe.jpg,1397305,Alcea biennis Winterl,test,1397305
D:\BackupFiles\School2023-Present\05_Spring2026\CS659\CS659_Project\dataset_sample\images\test\1397305\31097c4da53edcdef9614671fae478796cdfaa2f.jpg,1397305,Alcea biennis Winterl,test,1397305
D:\BackupFiles\School2023-Present\05_Spring2026\CS659\CS659_Project\dataset_sample\images\test\1397305\7779f3a56bf567bb2f7e5c20e30c56350df7411a.jpg,1397305,Alcea biennis Winterl,test,1397305
D:\BackupFiles\School2023-Present\05_Spring2026\CS659\CS659_Project\dataset_sample\images\test\1397305\7ce6795df9059dadcb206b1b0fd7f4a08ff1e0b2.jpg,1397305,Alcea biennis Winterl,test,1397305
D:\BackupFiles\School2023-Present\05_Spring2026\CS659\CS659_Project\dataset_sample\images\test\1397305\82865ac02e9e37b2554655e75f45c2fb9c4955d7.jpg,1397305,Alcea biennis Winterl,test,1397305
D:\BackupFiles\School2023-Present\05_Spring2026\CS659\CS659_Project\dataset_sample\images\test\1397351\29ebfc6f4fd1ca04819c50724f6f93b98f2b7a4a.jpg,1397351,Cirsium acaulon (L.) Scop.,test,1397351
D:\BackupFiles\School2023-Present\05_Spring2026\CS659\CS659_Project\dataset_sample\images\test\1397351\3f75ff0dbb8a3eb93566ff3f2aaaf3fa5a4eee63.jpg,1397351,Cirsium acaulon (L.) Scop.,test,1397351
D:\BackupFiles\School2023-Present\05_Spring2026\CS659\CS659_Project\dataset_sample\images\test\1397351\83c13b5d0ddb60a3777402c78e4471cbd8bee153.jpg,1397351,Cirsium acaulon (L.) Scop.,test,1397351
D:\BackupFiles\School2023-Present\05_Spring2026\CS659\CS659_Project\dataset_sample\images\test\1397351\84114115460387c932c2a99f4767490cde1775a1.jpg,1397351,Cirsium acaulon (L.) Scop.,test,1397351
D:\BackupFiles\School2023-Present\05_Spring2026\CS659\CS659_Project\dataset_sample\images\test\1397351\87c59f2b81463d2e233e7a6393c153c1e1b1043c.jpg,1397351,Cirsium acaulon (L.) Scop.,test,1397351
D:\BackupFiles\School2023-Present\05_Spring2026\CS659\CS659_Project\dataset_sample\images\test\1412697\663f8899b9bd11cd7885ead29a76ef7b5140a98b.jpg,1412697,Mertensia maritima (L.) Gray,test,1412697
D:\BackupFiles\School2023-Present\05_Spring2026\CS659\CS659_Project\dataset_sample\images\test\1412697\6c7a4ae048a5c08aea75b666724a65f89a913b9a.jpg,1412697,Mertensia maritima (L.) Gray,test,1412697
D:\BackupFiles\School2023-Present\05_Spring2026\CS659\CS659_Project\dataset_sample\images\test\1412697\79c1fa4c67ab1b66f1b2b3b2ca819c822069f79a.jpg,1412697,Mertensia maritima (L.) Gray,test,1412697
D:\BackupFiles\School2023-Present\05_Spring2026\CS659\CS659_Project\dataset_sample\images\test\1412697\861253d1778c1a6afc358c47f2266a67492bf518.jpg,1412697,Mertensia maritima (L.) Gray,test,1412697
D:\BackupFiles\School2023-Present\05_Spring2026\CS659\CS659_Project\dataset_sample\images\test\1412697\876c7da5c5d38a511c2c77bd75830c96e4f54336.jpg,1412697,Mertensia maritima (L.) Gray,test,1412697
D:\BackupFiles\School2023-Present\05_Spring2026\CS659\CS659_Project\dataset_sample\images\test\1412699\324de5e847e2a5fec8a02a53efd9dfa76990d7ef.jpg,1412699,Mertensia virginica (L.) Pers. ex Link,test,1412699
D:\BackupFiles\School2023-Present\05_Spring2026\CS659\CS659_Project\dataset_sample\images\test\1412699\57b6b38a3056f1c02e25e27ff47521dab6064d92.jpg,1412699,Mertensia virginica (L.) Pers. ex Link,test,1412699
D:\BackupFiles\School2023-Present\05_Spring2026\CS659\CS659_Project\dataset_sample\images\test\1412699\91901c44deb48014662adbeca591f58e57e13b0f.jpg,1412699,Mertensia virginica (L.) Pers. ex Link,test,1412699
D:\BackupFiles\School2023-Present\05_Spring2026\CS659\CS659_Project\dataset_sample\images\test\1412699\a8c2f2a08e7ad5bf694d766a1b7e3e0fe1acbcdd.jpg,1412699,Mertensia virginica (L.) Pers. ex Link,test,1412699
D:\BackupFiles\School2023-Present\05_Spring2026\CS659\CS659_Project\dataset_sample\images\test\1412699\b35b5970a7f885a168071785e98de3ddae8f9654.jpg,1412699,Mertensia virginica (L.) Pers. ex Link,test,1412699
D:\BackupFiles\School2023-Present\05_Spring2026\CS659\CS659_Project\dataset_sample\images\test\1412889\0c48875bda62df983834dd35532f4d7de13614d5.jpg,1412889,Osmunda claytoniana L.,test,1412889
D:\BackupFiles\School2023-Present\05_Spring2026\CS659\CS659_Project\dataset_sample\images\test\1412889\700a11e89dff75a2cecb6c0e586ef1555520d679.jpg,1412889,Osmunda claytoniana L.,test,1412889
D:\BackupFiles\School2023-Present\05_Spring2026\CS659\CS659_Project\dataset_sample\images\test\1412889\7292f1491c834014218154ac9b3b725f09e96ab3.jpg,1412889,Osmunda claytoniana L.,test,1412889
D:\BackupFiles\School2023-Present\05_Spring2026\CS659\CS659_Project\dataset_sample\images\test\1412889\bdcb48aa05c0128f41963c38acb2bb977a6e6e20.jpg,1412889,Osmunda claytoniana L.,test,1412889
D:\BackupFiles\School2023-Present\05_Spring2026\CS659\CS659_Project\dataset_sample\images\test\1412889\d18ea420ae3d6fa3384bb7c5cde2b31b2dcf55ef.jpg,1412889,Osmunda claytoniana L.,test,1412889
D:\BackupFiles\School2023-Present\05_Spring2026\CS659\CS659_Project\dataset_sample\images\test\1413002\04244557ac2251d262333c367094aaec1d69d06b.jpg,1413002,Aralia nudicaulis L.,test,1413002
D:\BackupFiles\School2023-Present\05_Spring2026\CS659\CS659_Project\dataset_sample\images\test\1413002\229c013995cd359c46156345c4140d3cabd8a401.jpg,1413002,Aralia nudicaulis L.,test,1413002
D:\BackupFiles\School2023-Present\05_Spring2026\CS659\CS659_Project\dataset_sample\images\test\1413002\2ae44401a0e9c89f0fdc353a77b0d8e9d0e18ede.jpg,1413002,Aralia nudicaulis L.,test,1413002
D:\BackupFiles\School2023-Present\05_Spring2026\CS659\CS659_Project\dataset_sample\images\test\1413002\36438e27db1d7ca64f903d08230740fa4d868d95.jpg,1413002,Aralia nudicaulis L.,test,1413002
D:\BackupFiles\School2023-Present\05_Spring2026\CS659\CS659_Project\dataset_sample\images\test\1413002\3ad4b30dd299771c8ff07ea32fdcde968edb1d46.jpg,1413002,Aralia nudicaulis L.,test,1413002
